date;status
2021_05_06_20_21_50;connected
2021_05_07_00_08_07;connected
2021_05_07_01_02_24;connected
2021_05_09_00_23_29;connected
2021_05_09_00_24_29;connected
2021_05_09_00_24_41;connected
2021_05_09_00_41_13;connected
2021_06_20_13_14_44;connected
2021_06_20_13_18_57;connected
2021_06_20_13_20_58;connected
2021_06_20_13_27_11;connected
2021_08_05_18_46_31;connected
2021_08_05_18_47_50;connected
2021_08_05_18_48_18;connected
2021_08_07_03_40_09;connected
2021_08_07_04_10_11;connected
2021_08_07_04_40_13;re_connected
2021_08_07_05_11_43;connected
2021_08_07_05_41_45;connected
2021_08_24_14_25_36;connected
